news_id,headline,publisher,date
1,Analysts discuss mixed signals for company performance 1,Economic Times,2024-02-19
2,Analysts discuss mixed signals for company performance 2,Economic Times,2024-05-01
3,Analysts discuss mixed signals for company performance 3,BBC,2024-05-26
4,Analysts discuss mixed signals for company performance 4,BBC,2024-09-27
5,Market reacts strongly to new launch announcement 5,Reuters,2024-08-28
6,Analysts discuss mixed signals for company performance 6,Economic Times,2024-08-08
7,Analysts discuss mixed signals for company performance 7,Reuters,2024-06-15
8,Analysts discuss mixed signals for company performance 8,Economic Times,2024-01-16
9,Analysts discuss mixed signals for company performance 9,BBC,2024-04-29
10,Market reacts strongly to new launch announcement 10,Reuters,2024-01-25
11,Analysts discuss mixed signals for company performance 11,Reuters,2024-05-24
12,Analysts discuss mixed signals for company performance 12,Reuters,2024-06-17
13,Analysts discuss mixed signals for company performance 13,Reuters,2024-05-05
14,Analysts discuss mixed signals for company performance 14,Bloomberg,2024-10-20
15,Market reacts strongly to new launch announcement 15,Reuters,2024-02-06
16,Analysts discuss mixed signals for company performance 16,Economic Times,2024-02-07
17,Analysts discuss mixed signals for company performance 17,Reuters,2024-08-09
18,Analysts discuss mixed signals for company performance 18,Reuters,2024-10-05
19,Analysts discuss mixed signals for company performance 19,Bloomberg,2024-02-10
20,Market reacts strongly to new launch announcement 20,BBC,2024-06-06
21,Analysts discuss mixed signals for company performance 21,Reuters,2024-01-29
22,Analysts discuss mixed signals for company performance 22,BBC,2024-10-12
23,Analysts discuss mixed signals for company performance 23,Economic Times,2024-04-06
24,Analysts discuss mixed signals for company performance 24,BBC,2024-01-22
25,Market reacts strongly to new launch announcement 25,BBC,2024-10-04
26,Analysts discuss mixed signals for company performance 26,Economic Times,2024-04-11
27,Analysts discuss mixed signals for company performance 27,Economic Times,2024-04-04
28,Analysts discuss mixed signals for company performance 28,Bloomberg,2024-01-24
29,Analysts discuss mixed signals for company performance 29,Economic Times,2024-07-28
30,Market reacts strongly to new launch announcement 30,Bloomberg,2024-01-22
31,Analysts discuss mixed signals for company performance 31,Reuters,2024-08-02
32,Analysts discuss mixed signals for company performance 32,Reuters,2024-06-19
33,Analysts discuss mixed signals for company performance 33,BBC,2024-06-02
34,Analysts discuss mixed signals for company performance 34,Economic Times,2024-03-01
35,Market reacts strongly to new launch announcement 35,Economic Times,2024-09-14
36,Analysts discuss mixed signals for company performance 36,Reuters,2024-09-30
37,Analysts discuss mixed signals for company performance 37,Economic Times,2024-08-19
38,Analysts discuss mixed signals for company performance 38,Bloomberg,2024-06-02
39,Analysts discuss mixed signals for company performance 39,BBC,2024-01-10
40,Market reacts strongly to new launch announcement 40,Economic Times,2024-09-14
41,Analysts discuss mixed signals for company performance 41,Reuters,2024-04-17
42,Analysts discuss mixed signals for company performance 42,Reuters,2024-08-16
43,Analysts discuss mixed signals for company performance 43,Economic Times,2024-08-09
44,Analysts discuss mixed signals for company performance 44,Economic Times,2024-05-25
45,Market reacts strongly to new launch announcement 45,Reuters,2024-05-13
46,Analysts discuss mixed signals for company performance 46,Reuters,2024-08-06
47,Analysts discuss mixed signals for company performance 47,Reuters,2024-02-02
48,Analysts discuss mixed signals for company performance 48,Reuters,2024-01-19
49,Analysts discuss mixed signals for company performance 49,Reuters,2024-04-15
50,Market reacts strongly to new launch announcement 50,Economic Times,2024-05-24
51,Analysts discuss mixed signals for company performance 51,Bloomberg,2024-09-06
52,Analysts discuss mixed signals for company performance 52,Reuters,2024-07-09
53,Analysts discuss mixed signals for company performance 53,BBC,2024-02-11
54,Analysts discuss mixed signals for company performance 54,Bloomberg,2024-07-27
55,Market reacts strongly to new launch announcement 55,Economic Times,2024-08-22
56,Analysts discuss mixed signals for company performance 56,Reuters,2024-09-29
57,Analysts discuss mixed signals for company performance 57,Bloomberg,2024-05-08
58,Analysts discuss mixed signals for company performance 58,Reuters,2024-06-14
59,Analysts discuss mixed signals for company performance 59,BBC,2024-06-09
60,Market reacts strongly to new launch announcement 60,Economic Times,2024-03-06
61,Analysts discuss mixed signals for company performance 61,BBC,2024-10-23
62,Analysts discuss mixed signals for company performance 62,Reuters,2024-09-14
63,Analysts discuss mixed signals for company performance 63,Economic Times,2024-05-09
64,Analysts discuss mixed signals for company performance 64,Bloomberg,2024-09-15
65,Market reacts strongly to new launch announcement 65,Economic Times,2024-01-15
66,Analysts discuss mixed signals for company performance 66,BBC,2024-04-09
67,Analysts discuss mixed signals for company performance 67,BBC,2024-10-15
68,Analysts discuss mixed signals for company performance 68,Reuters,2024-01-03
69,Analysts discuss mixed signals for company performance 69,Economic Times,2024-05-21
70,Market reacts strongly to new launch announcement 70,Bloomberg,2024-09-08
71,Analysts discuss mixed signals for company performance 71,Bloomberg,2024-06-21
72,Analysts discuss mixed signals for company performance 72,Economic Times,2024-07-03
73,Analysts discuss mixed signals for company performance 73,Bloomberg,2024-02-13
74,Analysts discuss mixed signals for company performance 74,BBC,2024-01-02
75,Market reacts strongly to new launch announcement 75,BBC,2024-06-18
76,Analysts discuss mixed signals for company performance 76,Reuters,2024-05-03
77,Analysts discuss mixed signals for company performance 77,BBC,2024-09-10
78,Analysts discuss mixed signals for company performance 78,Economic Times,2024-01-04
79,Analysts discuss mixed signals for company performance 79,Reuters,2024-08-07
80,Market reacts strongly to new launch announcement 80,Bloomberg,2024-03-07
81,Analysts discuss mixed signals for company performance 81,Bloomberg,2024-06-24
82,Analysts discuss mixed signals for company performance 82,Economic Times,2024-09-18
83,Analysts discuss mixed signals for company performance 83,Bloomberg,2024-04-13
84,Analysts discuss mixed signals for company performance 84,BBC,2024-01-05
85,Market reacts strongly to new launch announcement 85,Bloomberg,2024-09-04
86,Analysts discuss mixed signals for company performance 86,Reuters,2024-06-13
87,Analysts discuss mixed signals for company performance 87,Economic Times,2024-01-18
88,Analysts discuss mixed signals for company performance 88,Economic Times,2024-05-06
89,Analysts discuss mixed signals for company performance 89,BBC,2024-09-07
90,Market reacts strongly to new launch announcement 90,Bloomberg,2024-03-17
91,Analysts discuss mixed signals for company performance 91,BBC,2024-03-29
92,Analysts discuss mixed signals for company performance 92,Bloomberg,2024-07-31
93,Analysts discuss mixed signals for company performance 93,BBC,2024-04-30
94,Analysts discuss mixed signals for company performance 94,BBC,2024-03-02
95,Market reacts strongly to new launch announcement 95,Bloomberg,2024-02-27
96,Analysts discuss mixed signals for company performance 96,BBC,2024-06-25
97,Analysts discuss mixed signals for company performance 97,Reuters,2024-03-11
98,Analysts discuss mixed signals for company performance 98,Economic Times,2024-07-05
99,Analysts discuss mixed signals for company performance 99,Economic Times,2024-05-18
100,Market reacts strongly to new launch announcement 100,Bloomberg,2024-01-29
101,Analysts discuss mixed signals for company performance 101,Bloomberg,2024-02-12
102,Analysts discuss mixed signals for company performance 102,Economic Times,2024-02-29
103,Analysts discuss mixed signals for company performance 103,Economic Times,2024-03-05
104,Analysts discuss mixed signals for company performance 104,BBC,2024-09-04
105,Market reacts strongly to new launch announcement 105,Economic Times,2024-09-09
106,Analysts discuss mixed signals for company performance 106,Reuters,2024-08-24
107,Analysts discuss mixed signals for company performance 107,Economic Times,2024-06-03
108,Analysts discuss mixed signals for company performance 108,Bloomberg,2024-09-29
109,Analysts discuss mixed signals for company performance 109,BBC,2024-06-19
110,Market reacts strongly to new launch announcement 110,Bloomberg,2024-07-11
111,Analysts discuss mixed signals for company performance 111,Bloomberg,2024-03-18
112,Analysts discuss mixed signals for company performance 112,Bloomberg,2024-05-05
113,Analysts discuss mixed signals for company performance 113,Reuters,2024-03-05
114,Analysts discuss mixed signals for company performance 114,BBC,2024-10-26
115,Market reacts strongly to new launch announcement 115,Reuters,2024-08-30
116,Analysts discuss mixed signals for company performance 116,Economic Times,2024-07-21
117,Analysts discuss mixed signals for company performance 117,Reuters,2024-04-20
118,Analysts discuss mixed signals for company performance 118,Economic Times,2024-06-24
119,Analysts discuss mixed signals for company performance 119,BBC,2024-05-12
120,Market reacts strongly to new launch announcement 120,BBC,2024-04-14
121,Analysts discuss mixed signals for company performance 121,Economic Times,2024-05-05
122,Analysts discuss mixed signals for company performance 122,Bloomberg,2024-06-10
123,Analysts discuss mixed signals for company performance 123,BBC,2024-08-21
124,Analysts discuss mixed signals for company performance 124,Bloomberg,2024-09-28
125,Market reacts strongly to new launch announcement 125,BBC,2024-02-16
126,Analysts discuss mixed signals for company performance 126,Reuters,2024-04-08
127,Analysts discuss mixed signals for company performance 127,Bloomberg,2024-01-22
128,Analysts discuss mixed signals for company performance 128,Economic Times,2024-06-15
129,Analysts discuss mixed signals for company performance 129,Bloomberg,2024-07-21
130,Market reacts strongly to new launch announcement 130,Bloomberg,2024-06-07
131,Analysts discuss mixed signals for company performance 131,BBC,2024-04-29
132,Analysts discuss mixed signals for company performance 132,Bloomberg,2024-04-08
133,Analysts discuss mixed signals for company performance 133,Reuters,2024-03-28
134,Analysts discuss mixed signals for company performance 134,Economic Times,2024-03-12
135,Market reacts strongly to new launch announcement 135,Economic Times,2024-06-09
136,Analysts discuss mixed signals for company performance 136,Economic Times,2024-03-10
137,Analysts discuss mixed signals for company performance 137,Economic Times,2024-07-02
138,Analysts discuss mixed signals for company performance 138,BBC,2024-10-19
139,Analysts discuss mixed signals for company performance 139,BBC,2024-04-24
140,Market reacts strongly to new launch announcement 140,Reuters,2024-08-26
141,Analysts discuss mixed signals for company performance 141,Bloomberg,2024-10-15
142,Analysts discuss mixed signals for company performance 142,Reuters,2024-06-23
143,Analysts discuss mixed signals for company performance 143,Bloomberg,2024-04-09
144,Analysts discuss mixed signals for company performance 144,Economic Times,2024-06-01
145,Market reacts strongly to new launch announcement 145,Bloomberg,2024-03-09
146,Analysts discuss mixed signals for company performance 146,BBC,2024-02-20
147,Analysts discuss mixed signals for company performance 147,Bloomberg,2024-04-22
148,Analysts discuss mixed signals for company performance 148,BBC,2024-09-04
149,Analysts discuss mixed signals for company performance 149,Reuters,2024-03-17
150,Market reacts strongly to new launch announcement 150,Reuters,2024-09-16
151,Analysts discuss mixed signals for company performance 151,Reuters,2024-04-18
152,Analysts discuss mixed signals for company performance 152,Bloomberg,2024-04-05
153,Analysts discuss mixed signals for company performance 153,Economic Times,2024-08-29
154,Analysts discuss mixed signals for company performance 154,BBC,2024-08-15
155,Market reacts strongly to new launch announcement 155,BBC,2024-04-14
156,Analysts discuss mixed signals for company performance 156,Reuters,2024-01-11
157,Analysts discuss mixed signals for company performance 157,Economic Times,2024-07-24
158,Analysts discuss mixed signals for company performance 158,Bloomberg,2024-03-30
159,Analysts discuss mixed signals for company performance 159,BBC,2024-01-06
160,Market reacts strongly to new launch announcement 160,Reuters,2024-01-31
161,Analysts discuss mixed signals for company performance 161,Bloomberg,2024-07-28
162,Analysts discuss mixed signals for company performance 162,Bloomberg,2024-06-24
163,Analysts discuss mixed signals for company performance 163,BBC,2024-08-28
164,Analysts discuss mixed signals for company performance 164,Economic Times,2024-06-06
165,Market reacts strongly to new launch announcement 165,Economic Times,2024-02-04
166,Analysts discuss mixed signals for company performance 166,Bloomberg,2024-01-07
167,Analysts discuss mixed signals for company performance 167,BBC,2024-02-18
168,Analysts discuss mixed signals for company performance 168,Economic Times,2024-06-11
169,Analysts discuss mixed signals for company performance 169,Economic Times,2024-03-26
170,Market reacts strongly to new launch announcement 170,Economic Times,2024-10-26
171,Analysts discuss mixed signals for company performance 171,Economic Times,2024-08-08
172,Analysts discuss mixed signals for company performance 172,Economic Times,2024-07-23
173,Analysts discuss mixed signals for company performance 173,Bloomberg,2024-01-20
174,Analysts discuss mixed signals for company performance 174,Bloomberg,2024-05-03
175,Market reacts strongly to new launch announcement 175,Reuters,2024-01-30
176,Analysts discuss mixed signals for company performance 176,Economic Times,2024-02-01
177,Analysts discuss mixed signals for company performance 177,Reuters,2024-09-24
178,Analysts discuss mixed signals for company performance 178,BBC,2024-01-23
179,Analysts discuss mixed signals for company performance 179,BBC,2024-01-15
180,Market reacts strongly to new launch announcement 180,Reuters,2024-10-23
181,Analysts discuss mixed signals for company performance 181,Bloomberg,2024-06-12
182,Analysts discuss mixed signals for company performance 182,Bloomberg,2024-05-04
183,Analysts discuss mixed signals for company performance 183,BBC,2024-06-19
184,Analysts discuss mixed signals for company performance 184,BBC,2024-08-09
185,Market reacts strongly to new launch announcement 185,Reuters,2024-10-18
186,Analysts discuss mixed signals for company performance 186,Reuters,2024-04-01
187,Analysts discuss mixed signals for company performance 187,BBC,2024-04-30
188,Analysts discuss mixed signals for company performance 188,BBC,2024-10-12
189,Analysts discuss mixed signals for company performance 189,Bloomberg,2024-08-13
190,Market reacts strongly to new launch announcement 190,BBC,2024-06-19
191,Analysts discuss mixed signals for company performance 191,Economic Times,2024-03-19
192,Analysts discuss mixed signals for company performance 192,Economic Times,2024-04-18
193,Analysts discuss mixed signals for company performance 193,Bloomberg,2024-06-04
194,Analysts discuss mixed signals for company performance 194,Reuters,2024-09-08
195,Market reacts strongly to new launch announcement 195,Bloomberg,2024-04-18
196,Analysts discuss mixed signals for company performance 196,Reuters,2024-09-21
197,Analysts discuss mixed signals for company performance 197,Reuters,2024-05-18
198,Analysts discuss mixed signals for company performance 198,Bloomberg,2024-09-25
199,Analysts discuss mixed signals for company performance 199,BBC,2024-10-13
200,Market reacts strongly to new launch announcement 200,Bloomberg,2024-02-21
201,Analysts discuss mixed signals for company performance 201,Bloomberg,2024-09-24
202,Analysts discuss mixed signals for company performance 202,Reuters,2024-02-25
203,Analysts discuss mixed signals for company performance 203,Economic Times,2024-10-05
204,Analysts discuss mixed signals for company performance 204,Reuters,2024-01-20
205,Market reacts strongly to new launch announcement 205,BBC,2024-01-20
206,Analysts discuss mixed signals for company performance 206,BBC,2024-10-11
207,Analysts discuss mixed signals for company performance 207,Reuters,2024-07-15
208,Analysts discuss mixed signals for company performance 208,Reuters,2024-04-22
209,Analysts discuss mixed signals for company performance 209,Reuters,2024-01-03
210,Market reacts strongly to new launch announcement 210,Reuters,2024-03-18
211,Analysts discuss mixed signals for company performance 211,Economic Times,2024-01-07
212,Analysts discuss mixed signals for company performance 212,Economic Times,2024-04-04
213,Analysts discuss mixed signals for company performance 213,Economic Times,2024-05-11
214,Analysts discuss mixed signals for company performance 214,Reuters,2024-09-27
215,Market reacts strongly to new launch announcement 215,BBC,2024-05-07
216,Analysts discuss mixed signals for company performance 216,BBC,2024-02-02
217,Analysts discuss mixed signals for company performance 217,Economic Times,2024-07-16
218,Analysts discuss mixed signals for company performance 218,BBC,2024-10-01
219,Analysts discuss mixed signals for company performance 219,Reuters,2024-02-09
220,Market reacts strongly to new launch announcement 220,BBC,2024-07-02
221,Analysts discuss mixed signals for company performance 221,BBC,2024-04-18
222,Analysts discuss mixed signals for company performance 222,Economic Times,2024-09-11
223,Analysts discuss mixed signals for company performance 223,Economic Times,2024-05-27
224,Analysts discuss mixed signals for company performance 224,Economic Times,2024-05-15
225,Market reacts strongly to new launch announcement 225,Reuters,2024-09-25
226,Analysts discuss mixed signals for company performance 226,Reuters,2024-02-26
227,Analysts discuss mixed signals for company performance 227,Economic Times,2024-03-05
228,Analysts discuss mixed signals for company performance 228,Bloomberg,2024-05-30
229,Analysts discuss mixed signals for company performance 229,BBC,2024-01-07
230,Market reacts strongly to new launch announcement 230,Reuters,2024-05-25
231,Analysts discuss mixed signals for company performance 231,Bloomberg,2024-03-27
232,Analysts discuss mixed signals for company performance 232,Economic Times,2024-04-14
233,Analysts discuss mixed signals for company performance 233,Reuters,2024-07-07
234,Analysts discuss mixed signals for company performance 234,Reuters,2024-10-11
235,Market reacts strongly to new launch announcement 235,Reuters,2024-08-02
236,Analysts discuss mixed signals for company performance 236,Economic Times,2024-07-01
237,Analysts discuss mixed signals for company performance 237,Economic Times,2024-10-10
238,Analysts discuss mixed signals for company performance 238,Bloomberg,2024-03-10
239,Analysts discuss mixed signals for company performance 239,Economic Times,2024-06-26
240,Market reacts strongly to new launch announcement 240,Reuters,2024-03-04
241,Analysts discuss mixed signals for company performance 241,BBC,2024-02-02
242,Analysts discuss mixed signals for company performance 242,Bloomberg,2024-01-25
243,Analysts discuss mixed signals for company performance 243,Reuters,2024-09-19
244,Analysts discuss mixed signals for company performance 244,Bloomberg,2024-03-22
245,Market reacts strongly to new launch announcement 245,Economic Times,2024-05-03
246,Analysts discuss mixed signals for company performance 246,BBC,2024-04-27
247,Analysts discuss mixed signals for company performance 247,Reuters,2024-02-28
248,Analysts discuss mixed signals for company performance 248,BBC,2024-05-07
249,Analysts discuss mixed signals for company performance 249,Bloomberg,2024-05-13
250,Market reacts strongly to new launch announcement 250,Reuters,2024-09-02
251,Analysts discuss mixed signals for company performance 251,BBC,2024-02-14
252,Analysts discuss mixed signals for company performance 252,Reuters,2024-07-25
253,Analysts discuss mixed signals for company performance 253,BBC,2024-04-27
254,Analysts discuss mixed signals for company performance 254,Reuters,2024-07-05
255,Market reacts strongly to new launch announcement 255,Bloomberg,2024-09-06
256,Analysts discuss mixed signals for company performance 256,Bloomberg,2024-08-03
257,Analysts discuss mixed signals for company performance 257,Reuters,2024-08-31
258,Analysts discuss mixed signals for company performance 258,Economic Times,2024-03-09
259,Analysts discuss mixed signals for company performance 259,Reuters,2024-04-20
260,Market reacts strongly to new launch announcement 260,Economic Times,2024-02-23
261,Analysts discuss mixed signals for company performance 261,Bloomberg,2024-07-16
262,Analysts discuss mixed signals for company performance 262,Economic Times,2024-04-21
263,Analysts discuss mixed signals for company performance 263,Bloomberg,2024-01-17
264,Analysts discuss mixed signals for company performance 264,Economic Times,2024-01-15
265,Market reacts strongly to new launch announcement 265,Bloomberg,2024-07-25
266,Analysts discuss mixed signals for company performance 266,Economic Times,2024-01-30
267,Analysts discuss mixed signals for company performance 267,Economic Times,2024-04-05
268,Analysts discuss mixed signals for company performance 268,Economic Times,2024-08-04
269,Analysts discuss mixed signals for company performance 269,BBC,2024-03-13
270,Market reacts strongly to new launch announcement 270,BBC,2024-08-04
271,Analysts discuss mixed signals for company performance 271,Reuters,2024-06-08
272,Analysts discuss mixed signals for company performance 272,Economic Times,2024-05-18
273,Analysts discuss mixed signals for company performance 273,Bloomberg,2024-03-22
274,Analysts discuss mixed signals for company performance 274,Economic Times,2024-10-12
275,Market reacts strongly to new launch announcement 275,Reuters,2024-02-26
276,Analysts discuss mixed signals for company performance 276,Bloomberg,2024-02-15
277,Analysts discuss mixed signals for company performance 277,Reuters,2024-02-13
278,Analysts discuss mixed signals for company performance 278,BBC,2024-09-10
279,Analysts discuss mixed signals for company performance 279,BBC,2024-09-25
280,Market reacts strongly to new launch announcement 280,BBC,2024-09-28
281,Analysts discuss mixed signals for company performance 281,Economic Times,2024-01-23
282,Analysts discuss mixed signals for company performance 282,Reuters,2024-06-01
283,Analysts discuss mixed signals for company performance 283,Economic Times,2024-10-13
284,Analysts discuss mixed signals for company performance 284,Bloomberg,2024-07-04
285,Market reacts strongly to new launch announcement 285,Economic Times,2024-09-17
286,Analysts discuss mixed signals for company performance 286,Bloomberg,2024-09-17
287,Analysts discuss mixed signals for company performance 287,BBC,2024-01-16
288,Analysts discuss mixed signals for company performance 288,Reuters,2024-07-16
289,Analysts discuss mixed signals for company performance 289,Economic Times,2024-06-11
290,Market reacts strongly to new launch announcement 290,Economic Times,2024-09-29
291,Analysts discuss mixed signals for company performance 291,Bloomberg,2024-07-10
292,Analysts discuss mixed signals for company performance 292,Reuters,2024-09-14
293,Analysts discuss mixed signals for company performance 293,Economic Times,2024-07-29
294,Analysts discuss mixed signals for company performance 294,Bloomberg,2024-06-21
295,Market reacts strongly to new launch announcement 295,Reuters,2024-01-19
296,Analysts discuss mixed signals for company performance 296,Economic Times,2024-01-20
297,Analysts discuss mixed signals for company performance 297,Economic Times,2024-06-20
298,Analysts discuss mixed signals for company performance 298,Reuters,2024-05-11
299,Analysts discuss mixed signals for company performance 299,Reuters,2024-03-14
300,Market reacts strongly to new launch announcement 300,Bloomberg,2024-09-13
